year,race_name,driverRef,lap,milliseconds,rolling_avg_ms
2016,Monaco Grand Prix,alonso,1,155781,155781.0
2016,Monaco Grand Prix,alonso,2,133519,144650.0
2016,Monaco Grand Prix,alonso,3,128107,139135.666666667
2016,Monaco Grand Prix,alonso,4,128432,130019.333333333
2016,Monaco Grand Prix,alonso,5,129161,128566.666666667
2016,Monaco Grand Prix,alonso,6,129335,128976.0
2016,Monaco Grand Prix,alonso,7,126434,128310.0
2016,Monaco Grand Prix,alonso,8,114138,123302.333333333
2016,Monaco Grand Prix,alonso,9,117520,119364.0
2016,Monaco Grand Prix,alonso,10,106046,112568.0
2016,Monaco Grand Prix,alonso,11,100353,107973.0
2016,Monaco Grand Prix,alonso,12,99583,101994.0
2016,Monaco Grand Prix,alonso,13,99448,99794.6666666667
2016,Monaco Grand Prix,alonso,14,115471,104834.0
2016,Monaco Grand Prix,alonso,15,98863,104594.0
2016,Monaco Grand Prix,alonso,16,96349,103561.0
2016,Monaco Grand Prix,alonso,17,97343,97518.3333333333
2016,Monaco Grand Prix,alonso,18,98582,97424.6666666667
2016,Monaco Grand Prix,alonso,19,97085,97670.0
2016,Monaco Grand Prix,alonso,20,97413,97693.3333333333
2016,Monaco Grand Prix,alonso,21,96457,96985.0
2016,Monaco Grand Prix,alonso,22,96236,96702.0
2016,Monaco Grand Prix,alonso,23,93874,95522.3333333333
2016,Monaco Grand Prix,alonso,24,93725,94611.6666666667
2016,Monaco Grand Prix,alonso,25,91997,93198.6666666667
2016,Monaco Grand Prix,alonso,26,91511,92411.0
2016,Monaco Grand Prix,alonso,27,90389,91299.0
2016,Monaco Grand Prix,alonso,28,90795,90898.3333333333
2016,Monaco Grand Prix,alonso,29,91306,90830.0
2016,Monaco Grand Prix,alonso,30,91756,91285.6666666667
2016,Monaco Grand Prix,alonso,31,91922,91661.3333333333
2016,Monaco Grand Prix,alonso,32,107748,97142.0
2016,Monaco Grand Prix,alonso,33,95294,98321.3333333333
2016,Monaco Grand Prix,alonso,34,87313,96785.0
2016,Monaco Grand Prix,alonso,35,102965,95190.6666666667
2016,Monaco Grand Prix,alonso,36,112615,100964.333333333
2016,Monaco Grand Prix,alonso,37,85870,100483.333333333
2016,Monaco Grand Prix,alonso,38,85741,94742.0
2016,Monaco Grand Prix,alonso,39,85085,85565.3333333333
2016,Monaco Grand Prix,alonso,40,84059,84961.6666666667
2016,Monaco Grand Prix,alonso,41,84153,84432.3333333333
2016,Monaco Grand Prix,alonso,42,84035,84082.3333333333
2016,Monaco Grand Prix,alonso,43,83149,83779.0
2016,Monaco Grand Prix,alonso,44,82308,83164.0
2016,Monaco Grand Prix,alonso,45,82079,82512.0
2016,Monaco Grand Prix,alonso,46,81949,82112.0
2016,Monaco Grand Prix,alonso,47,82265,82097.6666666667
2016,Monaco Grand Prix,alonso,48,82810,82341.3333333333
2016,Monaco Grand Prix,alonso,49,81139,82071.3333333333
2016,Monaco Grand Prix,alonso,50,98758,87569.0
2016,Monaco Grand Prix,alonso,51,86972,88956.3333333333
2016,Monaco Grand Prix,alonso,52,80570,88766.6666666667
2016,Monaco Grand Prix,alonso,53,80939,82827.0
2016,Monaco Grand Prix,alonso,54,80395,80634.6666666667
2016,Monaco Grand Prix,alonso,55,80398,80577.3333333333
2016,Monaco Grand Prix,alonso,56,80496,80429.6666666667
2016,Monaco Grand Prix,alonso,57,80231,80375.0
2016,Monaco Grand Prix,alonso,58,82818,81181.6666666667
2016,Monaco Grand Prix,alonso,59,80371,81140.0
2016,Monaco Grand Prix,alonso,60,79939,81042.6666666667
2016,Monaco Grand Prix,alonso,61,80199,80169.6666666667
2016,Monaco Grand Prix,alonso,62,79651,79929.6666666667
2016,Monaco Grand Prix,alonso,63,79806,79885.3333333333
2016,Monaco Grand Prix,alonso,64,80187,79881.3333333333
2016,Monaco Grand Prix,alonso,65,80023,80005.3333333333
2016,Monaco Grand Prix,alonso,66,79992,80067.3333333333
2016,Monaco Grand Prix,alonso,67,84636,81550.3333333333
2016,Monaco Grand Prix,alonso,68,89537,84721.6666666667
2016,Monaco Grand Prix,alonso,69,79563,84578.6666666667
2016,Monaco Grand Prix,alonso,70,79201,82767.0
2016,Monaco Grand Prix,alonso,71,79267,79343.6666666667
2016,Monaco Grand Prix,alonso,72,79170,79212.6666666667
2016,Monaco Grand Prix,alonso,73,79489,79308.6666666667
2016,Monaco Grand Prix,alonso,74,79594,79417.6666666667
2016,Monaco Grand Prix,alonso,75,79718,79600.3333333333
2016,Monaco Grand Prix,alonso,76,79991,79767.6666666667
2016,Monaco Grand Prix,alonso,77,81031,80246.6666666667
2016,Monaco Grand Prix,alonso,78,91759,84260.3333333333
2016,Monaco Grand Prix,bottas,1,160411,160411.0
2016,Monaco Grand Prix,bottas,2,130356,145383.5
2016,Monaco Grand Prix,bottas,3,127629,139465.333333333
2016,Monaco Grand Prix,bottas,4,128668,128884.333333333
2016,Monaco Grand Prix,bottas,5,128603,128300.0
2016,Monaco Grand Prix,bottas,6,130312,129194.333333333
2016,Monaco Grand Prix,bottas,7,125546,128153.666666667
2016,Monaco Grand Prix,bottas,8,115536,123798.0
2016,Monaco Grand Prix,bottas,9,116351,119144.333333333
2016,Monaco Grand Prix,bottas,10,106774,112887.0
2016,Monaco Grand Prix,bottas,11,101286,108137.0
2016,Monaco Grand Prix,bottas,12,100721,102927.0
2016,Monaco Grand Prix,bottas,13,99945,100650.666666667
2016,Monaco Grand Prix,bottas,14,99290,99985.3333333333
2016,Monaco Grand Prix,bottas,15,117941,105725.333333333
2016,Monaco Grand Prix,bottas,16,102125,106452.0
2016,Monaco Grand Prix,bottas,17,100112,106726.0
2016,Monaco Grand Prix,bottas,18,98958,100398.333333333
2016,Monaco Grand Prix,bottas,19,100674,99914.6666666667
2016,Monaco Grand Prix,bottas,20,99418,99683.3333333333
2016,Monaco Grand Prix,bottas,21,99057,99716.3333333333
2016,Monaco Grand Prix,bottas,22,97417,98630.6666666667
2016,Monaco Grand Prix,bottas,23,97665,98046.3333333333
2016,Monaco Grand Prix,bottas,24,96776,97286.0
2016,Monaco Grand Prix,bottas,25,96130,96857.0
2016,Monaco Grand Prix,bottas,26,94698,95868.0
2016,Monaco Grand Prix,bottas,27,94838,95222.0
2016,Monaco Grand Prix,bottas,28,94145,94560.3333333333
2016,Monaco Grand Prix,bottas,29,93895,94292.6666666667
2016,Monaco Grand Prix,bottas,30,111223,99754.3333333333
2016,Monaco Grand Prix,bottas,31,98771,101296.333333333
2016,Monaco Grand Prix,bottas,32,94780,101591.333333333
2016,Monaco Grand Prix,bottas,33,90438,94663.0
2016,Monaco Grand Prix,bottas,34,94749,93322.3333333333
2016,Monaco Grand Prix,bottas,35,117245,100810.666666667
2016,Monaco Grand Prix,bottas,36,92310,101434.666666667
2016,Monaco Grand Prix,bottas,37,86622,98725.6666666667
2016,Monaco Grand Prix,bottas,38,85162,88031.3333333333
2016,Monaco Grand Prix,bottas,39,85750,85844.6666666667
2016,Monaco Grand Prix,bottas,40,86519,85810.3333333333
2016,Monaco Grand Prix,bottas,41,83290,85186.3333333333
2016,Monaco Grand Prix,bottas,42,83297,84368.6666666667
2016,Monaco Grand Prix,bottas,43,86864,84483.6666666667
2016,Monaco Grand Prix,bottas,44,82023,84061.3333333333
2016,Monaco Grand Prix,bottas,45,81725,83537.3333333333
2016,Monaco Grand Prix,bottas,46,81322,81690.0
2016,Monaco Grand Prix,bottas,47,80781,81276.0
2016,Monaco Grand Prix,bottas,48,81052,81051.6666666667
2016,Monaco Grand Prix,bottas,49,108387,90073.3333333333
2016,Monaco Grand Prix,bottas,50,91790,93743.0
2016,Monaco Grand Prix,bottas,51,81223,93800.0
2016,Monaco Grand Prix,bottas,52,80384,84465.6666666667
2016,Monaco Grand Prix,bottas,53,79984,80530.3333333333
2016,Monaco Grand Prix,bottas,54,79912,80093.3333333333
2016,Monaco Grand Prix,bottas,55,79509,79801.6666666667
2016,Monaco Grand Prix,bottas,56,79493,79638.0
2016,Monaco Grand Prix,bottas,57,79659,79553.6666666667
2016,Monaco Grand Prix,bottas,58,79385,79512.3333333333
2016,Monaco Grand Prix,bottas,59,79460,79501.3333333333
2016,Monaco Grand Prix,bottas,60,79935,79593.3333333333
2016,Monaco Grand Prix,bottas,61,80104,79833.0
2016,Monaco Grand Prix,bottas,62,80147,80062.0
2016,Monaco Grand Prix,bottas,63,79761,80004.0
2016,Monaco Grand Prix,bottas,64,79539,79815.6666666667
2016,Monaco Grand Prix,bottas,65,79339,79546.3333333333
2016,Monaco Grand Prix,bottas,66,79223,79367.0
2016,Monaco Grand Prix,bottas,67,92626,83729.3333333333
2016,Monaco Grand Prix,bottas,68,79490,83779.6666666667
2016,Monaco Grand Prix,bottas,69,80109,84075.0
2016,Monaco Grand Prix,bottas,70,79894,79831.0
2016,Monaco Grand Prix,bottas,71,79552,79851.6666666667
2016,Monaco Grand Prix,bottas,72,79266,79570.6666666667
2016,Monaco Grand Prix,bottas,73,79355,79391.0
2016,Monaco Grand Prix,bottas,74,79572,79397.6666666667
2016,Monaco Grand Prix,bottas,75,80502,79809.6666666667
2016,Monaco Grand Prix,bottas,76,82906,80993.3333333333
2016,Monaco Grand Prix,bottas,77,95889,86432.3333333333
2016,Monaco Grand Prix,button,1,168916,168916.0
2016,Monaco Grand Prix,button,2,126470,147693.0
2016,Monaco Grand Prix,button,3,126824,140736.666666667
2016,Monaco Grand Prix,button,4,129146,127480.0
2016,Monaco Grand Prix,button,5,127726,127898.666666667
2016,Monaco Grand Prix,button,6,129796,128889.333333333
2016,Monaco Grand Prix,button,7,125381,127634.333333333
2016,Monaco Grand Prix,button,8,131802,128993.0
2016,Monaco Grand Prix,button,9,115314,124165.666666667
2016,Monaco Grand Prix,button,10,103673,116929.666666667
2016,Monaco Grand Prix,button,11,102327,107104.666666667
2016,Monaco Grand Prix,button,12,102491,102830.333333333
2016,Monaco Grand Prix,button,13,101191,102003.0
2016,Monaco Grand Prix,button,14,99879,101187.0
2016,Monaco Grand Prix,button,15,99699,100256.333333333
2016,Monaco Grand Prix,button,16,99203,99593.6666666667
2016,Monaco Grand Prix,button,17,99873,99591.6666666667
2016,Monaco Grand Prix,button,18,95726,98267.3333333333
2016,Monaco Grand Prix,button,19,95630,97076.3333333333
2016,Monaco Grand Prix,button,20,95977,95777.6666666667
2016,Monaco Grand Prix,button,21,96473,96026.6666666667
2016,Monaco Grand Prix,button,22,94332,95594.0
2016,Monaco Grand Prix,button,23,96026,95610.3333333333
2016,Monaco Grand Prix,button,24,93612,94656.6666666667
2016,Monaco Grand Prix,button,25,91551,93729.6666666667
2016,Monaco Grand Prix,button,26,90812,91991.6666666667
2016,Monaco Grand Prix,button,27,90493,90952.0
2016,Monaco Grand Prix,button,28,90281,90528.6666666667
2016,Monaco Grand Prix,button,29,90477,90417.0
2016,Monaco Grand Prix,button,30,107523,96093.6666666667
2016,Monaco Grand Prix,button,31,97566,98522.0
2016,Monaco Grand Prix,button,32,91022,98703.6666666667
2016,Monaco Grand Prix,button,33,89660,92749.3333333333
2016,Monaco Grand Prix,button,34,87589,89423.6666666667
2016,Monaco Grand Prix,button,35,106607,94618.6666666667
2016,Monaco Grand Prix,button,36,108527,100907.666666667
2016,Monaco Grand Prix,button,37,87163,100765.666666667
2016,Monaco Grand Prix,button,38,88807,94832.3333333333
2016,Monaco Grand Prix,button,39,83727,86565.6666666667
2016,Monaco Grand Prix,button,40,83701,85411.6666666667
2016,Monaco Grand Prix,button,41,82384,83270.6666666667
2016,Monaco Grand Prix,button,42,83100,83061.6666666667
2016,Monaco Grand Prix,button,43,84470,83318.0
2016,Monaco Grand Prix,button,44,83442,83670.6666666667
2016,Monaco Grand Prix,button,45,81853,83255.0
2016,Monaco Grand Prix,button,46,81900,82398.3333333333
2016,Monaco Grand Prix,button,47,81268,81673.6666666667
2016,Monaco Grand Prix,button,48,81854,81674.0
2016,Monaco Grand Prix,button,49,82713,81945.0
2016,Monaco Grand Prix,button,50,99327,87964.6666666667
2016,Monaco Grand Prix,button,51,85856,89298.6666666667
2016,Monaco Grand Prix,button,52,81231,88804.6666666667
2016,Monaco Grand Prix,button,53,81158,82748.3333333333
2016,Monaco Grand Prix,button,54,81000,81129.6666666667
2016,Monaco Grand Prix,button,55,80446,80868.0
2016,Monaco Grand Prix,button,56,80383,80609.6666666667
2016,Monaco Grand Prix,button,57,80634,80487.6666666667
2016,Monaco Grand Prix,button,58,80426,80481.0
2016,Monaco Grand Prix,button,59,80594,80551.3333333333
2016,Monaco Grand Prix,button,60,80896,80638.6666666667
2016,Monaco Grand Prix,button,61,80857,80782.3333333333
2016,Monaco Grand Prix,button,62,80091,80614.6666666667
2016,Monaco Grand Prix,button,63,79808,80252.0
2016,Monaco Grand Prix,button,64,79812,79903.6666666667
2016,Monaco Grand Prix,button,65,79930,79850.0
2016,Monaco Grand Prix,button,66,79670,79804.0
2016,Monaco Grand Prix,button,67,87821,82473.6666666667
2016,Monaco Grand Prix,button,68,86161,84550.6666666667
2016,Monaco Grand Prix,button,69,80133,84705.0
2016,Monaco Grand Prix,button,70,79944,82079.3333333333
2016,Monaco Grand Prix,button,71,80415,80164.0
2016,Monaco Grand Prix,button,72,82307,80888.6666666667
2016,Monaco Grand Prix,button,73,82789,81837.0
2016,Monaco Grand Prix,button,74,80489,81861.6666666667
2016,Monaco Grand Prix,button,75,80900,81392.6666666667
2016,Monaco Grand Prix,button,76,81392,80927.0
2016,Monaco Grand Prix,button,77,87736,83342.6666666667
2016,Monaco Grand Prix,ericsson,1,179274,179274.0
2016,Monaco Grand Prix,ericsson,2,120865,150069.5
2016,Monaco Grand Prix,ericsson,3,127028,142389.0
2016,Monaco Grand Prix,ericsson,4,128791,125561.333333333
2016,Monaco Grand Prix,ericsson,5,128263,128027.333333333
2016,Monaco Grand Prix,ericsson,6,129433,128829.0
2016,Monaco Grand Prix,ericsson,7,123605,127100.333333333
2016,Monaco Grand Prix,ericsson,8,117366,123468.0
2016,Monaco Grand Prix,ericsson,9,114173,118381.333333333
2016,Monaco Grand Prix,ericsson,10,107410,112983.0
2016,Monaco Grand Prix,ericsson,11,122550,114711.0
2016,Monaco Grand Prix,ericsson,12,104901,111620.333333333
2016,Monaco Grand Prix,ericsson,13,99375,108942.0
2016,Monaco Grand Prix,ericsson,14,98169,100815.0
2016,Monaco Grand Prix,ericsson,15,97523,98355.6666666667
2016,Monaco Grand Prix,ericsson,16,97881,97857.6666666667
2016,Monaco Grand Prix,ericsson,17,99513,98305.6666666667
2016,Monaco Grand Prix,ericsson,18,98614,98669.3333333333
2016,Monaco Grand Prix,ericsson,19,98806,98977.6666666667
2016,Monaco Grand Prix,ericsson,20,100105,99175.0
2016,Monaco Grand Prix,ericsson,21,96922,98611.0
2016,Monaco Grand Prix,ericsson,22,97410,98145.6666666667
2016,Monaco Grand Prix,ericsson,23,97775,97369.0
2016,Monaco Grand Prix,ericsson,24,96319,97168.0
2016,Monaco Grand Prix,ericsson,25,96662,96918.6666666667
2016,Monaco Grand Prix,ericsson,26,94618,95866.3333333333
2016,Monaco Grand Prix,ericsson,27,94742,95340.6666666667
2016,Monaco Grand Prix,ericsson,28,94262,94540.6666666667
2016,Monaco Grand Prix,ericsson,29,111916,100306.666666667
2016,Monaco Grand Prix,ericsson,30,119461,108546.333333333
2016,Monaco Grand Prix,ericsson,31,97174,109517.0
2016,Monaco Grand Prix,ericsson,32,96141,104258.666666667
2016,Monaco Grand Prix,ericsson,33,89306,94207.0
2016,Monaco Grand Prix,ericsson,34,102271,95906.0
2016,Monaco Grand Prix,ericsson,35,112156,101244.333333333
2016,Monaco Grand Prix,ericsson,36,90011,101479.333333333
2016,Monaco Grand Prix,ericsson,37,97047,99738.0
2016,Monaco Grand Prix,ericsson,38,84584,90547.3333333333
2016,Monaco Grand Prix,ericsson,39,83942,88524.3333333333
2016,Monaco Grand Prix,ericsson,40,85545,84690.3333333333
2016,Monaco Grand Prix,ericsson,41,84669,84718.6666666667
2016,Monaco Grand Prix,ericsson,42,85165,85126.3333333333
2016,Monaco Grand Prix,ericsson,43,83435,84423.0
2016,Monaco Grand Prix,ericsson,44,83636,84078.6666666667
2016,Monaco Grand Prix,ericsson,45,82080,83050.3333333333
2016,Monaco Grand Prix,ericsson,46,81923,82546.3333333333
2016,Monaco Grand Prix,ericsson,47,82528,82177.0
2016,Monaco Grand Prix,ericsson,48,86341,83597.3333333333
2016,Monaco Grand Prix,ericsson,49,130035,99634.6666666667
2016,Monaco Grand Prix,ericsson,50,88080,101485.333333333
2016,Monaco Grand Prix,ericsson,51,81342,99819.0
2016,Monaco Grand Prix,grosjean,1,172443,172443.0
2016,Monaco Grand Prix,grosjean,2,124874,148658.5
2016,Monaco Grand Prix,grosjean,3,127486,141601.0
2016,Monaco Grand Prix,grosjean,4,129148,127169.333333333
2016,Monaco Grand Prix,grosjean,5,127895,128176.333333333
2016,Monaco Grand Prix,grosjean,6,129705,128916.0
2016,Monaco Grand Prix,grosjean,7,124156,127252.0
2016,Monaco Grand Prix,grosjean,8,117450,123770.333333333
2016,Monaco Grand Prix,grosjean,9,114543,118716.333333333
2016,Monaco Grand Prix,grosjean,10,106816,112936.333333333
2016,Monaco Grand Prix,grosjean,11,116650,112669.666666667
2016,Monaco Grand Prix,grosjean,12,101740,108402.0
2016,Monaco Grand Prix,grosjean,13,100312,106234.0
2016,Monaco Grand Prix,grosjean,14,99705,100585.666666667
2016,Monaco Grand Prix,grosjean,15,124063,108026.666666667
2016,Monaco Grand Prix,grosjean,16,100364,108044.0
2016,Monaco Grand Prix,grosjean,17,96695,107040.666666667
2016,Monaco Grand Prix,grosjean,18,96414,97824.3333333333
2016,Monaco Grand Prix,grosjean,19,96922,96677.0
2016,Monaco Grand Prix,grosjean,20,99640,97658.6666666667
2016,Monaco Grand Prix,grosjean,21,97726,98096.0
2016,Monaco Grand Prix,grosjean,22,96316,97894.0
2016,Monaco Grand Prix,grosjean,23,95545,96529.0
2016,Monaco Grand Prix,grosjean,24,94808,95556.3333333333
2016,Monaco Grand Prix,grosjean,25,94709,95020.6666666667
2016,Monaco Grand Prix,grosjean,26,90891,93469.3333333333
2016,Monaco Grand Prix,grosjean,27,92505,92701.6666666667
2016,Monaco Grand Prix,grosjean,28,94432,92609.3333333333
2016,Monaco Grand Prix,grosjean,29,93605,93514.0
2016,Monaco Grand Prix,grosjean,30,109966,99334.3333333333
2016,Monaco Grand Prix,grosjean,31,100867,101479.333333333
2016,Monaco Grand Prix,grosjean,32,93564,101465.666666667
2016,Monaco Grand Prix,grosjean,33,94054,96161.6666666667
2016,Monaco Grand Prix,grosjean,34,99776,95798.0
2016,Monaco Grand Prix,grosjean,35,115817,103215.666666667
2016,Monaco Grand Prix,grosjean,36,95821,103804.666666667
2016,Monaco Grand Prix,grosjean,37,91859,101165.666666667
2016,Monaco Grand Prix,grosjean,38,88393,92024.3333333333
2016,Monaco Grand Prix,grosjean,39,84910,88387.3333333333
2016,Monaco Grand Prix,grosjean,40,85874,86392.3333333333
2016,Monaco Grand Prix,grosjean,41,88943,86575.6666666667
2016,Monaco Grand Prix,grosjean,42,86421,87079.3333333333
2016,Monaco Grand Prix,grosjean,43,87049,87471.0
2016,Monaco Grand Prix,grosjean,44,83794,85754.6666666667
2016,Monaco Grand Prix,grosjean,45,83731,84858.0
2016,Monaco Grand Prix,grosjean,46,82788,83437.6666666667
2016,Monaco Grand Prix,grosjean,47,82982,83167.0
2016,Monaco Grand Prix,grosjean,48,82737,82835.6666666667
2016,Monaco Grand Prix,grosjean,49,103294,89671.0
2016,Monaco Grand Prix,grosjean,50,85460,90497.0
2016,Monaco Grand Prix,grosjean,51,84778,91177.3333333333
2016,Monaco Grand Prix,grosjean,52,82883,84373.6666666667
2016,Monaco Grand Prix,grosjean,53,82329,83330.0
2016,Monaco Grand Prix,grosjean,54,84595,83269.0
2016,Monaco Grand Prix,grosjean,55,82539,83154.3333333333
2016,Monaco Grand Prix,grosjean,56,83096,83410.0
2016,Monaco Grand Prix,grosjean,57,83738,83124.3333333333
2016,Monaco Grand Prix,grosjean,58,81722,82852.0
2016,Monaco Grand Prix,grosjean,59,80684,82048.0
2016,Monaco Grand Prix,grosjean,60,80741,81049.0
2016,Monaco Grand Prix,grosjean,61,80753,80726.0
2016,Monaco Grand Prix,grosjean,62,80626,80706.6666666667
2016,Monaco Grand Prix,grosjean,63,80463,80614.0
2016,Monaco Grand Prix,grosjean,64,81424,80837.6666666667
2016,Monaco Grand Prix,grosjean,65,80219,80702.0
2016,Monaco Grand Prix,grosjean,66,94626,85423.0
2016,Monaco Grand Prix,grosjean,67,81344,85396.3333333333
2016,Monaco Grand Prix,grosjean,68,80616,85528.6666666667
2016,Monaco Grand Prix,grosjean,69,81484,81148.0
2016,Monaco Grand Prix,grosjean,70,80632,80910.6666666667
2016,Monaco Grand Prix,grosjean,71,80926,81014.0
2016,Monaco Grand Prix,grosjean,72,80403,80653.6666666667
2016,Monaco Grand Prix,grosjean,73,81004,80777.6666666667
2016,Monaco Grand Prix,grosjean,74,84976,82127.6666666667
2016,Monaco Grand Prix,grosjean,75,84923,83634.3333333333
2016,Monaco Grand Prix,grosjean,76,99891,89930.0
2016,Monaco Grand Prix,gutierrez,1,163812,163812.0
2016,Monaco Grand Prix,gutierrez,2,128954,146383.0
2016,Monaco Grand Prix,gutierrez,3,127787,140184.333333333
2016,Monaco Grand Prix,gutierrez,4,128938,128559.666666667
2016,Monaco Grand Prix,gutierrez,5,128547,128424.0
2016,Monaco Grand Prix,gutierrez,6,129798,129094.333333333
2016,Monaco Grand Prix,gutierrez,7,125245,127863.333333333
2016,Monaco Grand Prix,gutierrez,8,115050,123364.333333333
2016,Monaco Grand Prix,gutierrez,9,116188,118827.666666667
2016,Monaco Grand Prix,gutierrez,10,107265,112834.333333333
2016,Monaco Grand Prix,gutierrez,11,101586,108346.333333333
2016,Monaco Grand Prix,gutierrez,12,100728,103193.0
2016,Monaco Grand Prix,gutierrez,13,99552,100622.0
2016,Monaco Grand Prix,gutierrez,14,99695,99991.6666666667
2016,Monaco Grand Prix,gutierrez,15,98891,99379.3333333333
2016,Monaco Grand Prix,gutierrez,16,114901,104495.666666667
2016,Monaco Grand Prix,gutierrez,17,101039,104943.666666667
2016,Monaco Grand Prix,gutierrez,18,95580,103840.0
2016,Monaco Grand Prix,gutierrez,19,95601,97406.6666666667
2016,Monaco Grand Prix,gutierrez,20,95071,95417.3333333333
2016,Monaco Grand Prix,gutierrez,21,95485,95385.6666666667
2016,Monaco Grand Prix,gutierrez,22,95096,95217.3333333333
2016,Monaco Grand Prix,gutierrez,23,93725,94768.6666666667
2016,Monaco Grand Prix,gutierrez,24,92682,93834.3333333333
2016,Monaco Grand Prix,gutierrez,25,93810,93405.6666666667
2016,Monaco Grand Prix,gutierrez,26,92318,92936.6666666667
2016,Monaco Grand Prix,gutierrez,27,91379,92502.3333333333
2016,Monaco Grand Prix,gutierrez,28,89713,91136.6666666667
2016,Monaco Grand Prix,gutierrez,29,90385,90492.3333333333
2016,Monaco Grand Prix,gutierrez,30,90317,90138.3333333333
2016,Monaco Grand Prix,gutierrez,31,92859,91187.0
2016,Monaco Grand Prix,gutierrez,32,110961,98045.6666666667
2016,Monaco Grand Prix,gutierrez,33,98796,100872.0
2016,Monaco Grand Prix,gutierrez,34,90274,100010.333333333
2016,Monaco Grand Prix,gutierrez,35,109345,99471.6666666667
2016,Monaco Grand Prix,gutierrez,36,109739,103119.333333333
2016,Monaco Grand Prix,gutierrez,37,89054,102712.666666667
2016,Monaco Grand Prix,gutierrez,38,86002,94931.6666666667
2016,Monaco Grand Prix,gutierrez,39,86045,87033.6666666667
2016,Monaco Grand Prix,gutierrez,40,83937,85328.0
2016,Monaco Grand Prix,gutierrez,41,87347,85776.3333333333
2016,Monaco Grand Prix,gutierrez,42,85868,85717.3333333333
2016,Monaco Grand Prix,gutierrez,43,84456,85890.3333333333
2016,Monaco Grand Prix,gutierrez,44,83632,84652.0
2016,Monaco Grand Prix,gutierrez,45,83484,83857.3333333333
2016,Monaco Grand Prix,gutierrez,46,82378,83164.6666666667
2016,Monaco Grand Prix,gutierrez,47,82473,82778.3333333333
2016,Monaco Grand Prix,gutierrez,48,81502,82117.6666666667
2016,Monaco Grand Prix,gutierrez,49,88386,84120.3333333333
2016,Monaco Grand Prix,gutierrez,50,100519,90135.6666666667
2016,Monaco Grand Prix,gutierrez,51,87054,91986.3333333333
2016,Monaco Grand Prix,gutierrez,52,81585,89719.3333333333
2016,Monaco Grand Prix,gutierrez,53,80410,83016.3333333333
2016,Monaco Grand Prix,gutierrez,54,80600,80865.0
2016,Monaco Grand Prix,gutierrez,55,82112,81040.6666666667
2016,Monaco Grand Prix,gutierrez,56,100309,87673.6666666667
2016,Monaco Grand Prix,gutierrez,57,81654,88025.0
2016,Monaco Grand Prix,gutierrez,58,79992,87318.3333333333
2016,Monaco Grand Prix,gutierrez,59,79950,80532.0
2016,Monaco Grand Prix,gutierrez,60,79820,79920.6666666667
2016,Monaco Grand Prix,gutierrez,61,79656,79808.6666666667
2016,Monaco Grand Prix,gutierrez,62,79393,79623.0
2016,Monaco Grand Prix,gutierrez,63,79928,79659.0
2016,Monaco Grand Prix,gutierrez,64,79621,79647.3333333333
2016,Monaco Grand Prix,gutierrez,65,79625,79724.6666666667
2016,Monaco Grand Prix,gutierrez,66,79581,79609.0
2016,Monaco Grand Prix,gutierrez,67,94075,84427.0
2016,Monaco Grand Prix,gutierrez,68,80284,84646.6666666667
2016,Monaco Grand Prix,gutierrez,69,79131,84496.6666666667
2016,Monaco Grand Prix,gutierrez,70,79438,79617.6666666667
2016,Monaco Grand Prix,gutierrez,71,79852,79473.6666666667
2016,Monaco Grand Prix,gutierrez,72,79601,79630.3333333333
2016,Monaco Grand Prix,gutierrez,73,80296,79916.3333333333
2016,Monaco Grand Prix,gutierrez,74,80015,79970.6666666667
2016,Monaco Grand Prix,gutierrez,75,81000,80437.0
2016,Monaco Grand Prix,gutierrez,76,85666,82227.0
2016,Monaco Grand Prix,gutierrez,77,99677,88781.0
2016,Monaco Grand Prix,hamilton,1,147161,147161.0
2016,Monaco Grand Prix,hamilton,2,134604,140882.5
2016,Monaco Grand Prix,hamilton,3,129973,137246.0
2016,Monaco Grand Prix,hamilton,4,129316,131297.666666667
2016,Monaco Grand Prix,hamilton,5,127266,128851.666666667
2016,Monaco Grand Prix,hamilton,6,129051,128544.333333333
2016,Monaco Grand Prix,hamilton,7,129285,128534.0
2016,Monaco Grand Prix,hamilton,8,113897,124077.666666667
2016,Monaco Grand Prix,hamilton,9,116106,119762.666666667
2016,Monaco Grand Prix,hamilton,10,105800,111934.333333333
2016,Monaco Grand Prix,hamilton,11,100023,107309.666666667
2016,Monaco Grand Prix,hamilton,12,100517,102113.333333333
2016,Monaco Grand Prix,hamilton,13,98934,99824.6666666667
2016,Monaco Grand Prix,hamilton,14,98805,99418.6666666667
2016,Monaco Grand Prix,hamilton,15,97849,98529.3333333333
2016,Monaco Grand Prix,hamilton,16,95194,97282.6666666667
2016,Monaco Grand Prix,hamilton,17,94870,95971.0
2016,Monaco Grand Prix,hamilton,18,94971,95011.6666666667
2016,Monaco Grand Prix,hamilton,19,94682,94841.0
2016,Monaco Grand Prix,hamilton,20,94575,94742.6666666667
2016,Monaco Grand Prix,hamilton,21,96149,95135.3333333333
2016,Monaco Grand Prix,hamilton,22,95055,95259.6666666667
2016,Monaco Grand Prix,hamilton,23,94449,95217.6666666667
2016,Monaco Grand Prix,hamilton,24,93630,94378.0
2016,Monaco Grand Prix,hamilton,25,93061,93713.3333333333
2016,Monaco Grand Prix,hamilton,26,92457,93049.3333333333
2016,Monaco Grand Prix,hamilton,27,92153,92557.0
2016,Monaco Grand Prix,hamilton,28,91130,91913.3333333333
2016,Monaco Grand Prix,hamilton,29,90844,91375.6666666667
2016,Monaco Grand Prix,hamilton,30,90973,90982.3333333333
2016,Monaco Grand Prix,hamilton,31,109843,97220.0
2016,Monaco Grand Prix,hamilton,32,101829,100881.666666667
2016,Monaco Grand Prix,hamilton,33,90686,100786.0
2016,Monaco Grand Prix,hamilton,34,90486,94333.6666666667
2016,Monaco Grand Prix,hamilton,35,95283,92151.6666666667
2016,Monaco Grand Prix,hamilton,36,116988,100919.0
2016,Monaco Grand Prix,hamilton,37,95102,102457.666666667
2016,Monaco Grand Prix,hamilton,38,83979,98689.6666666667
2016,Monaco Grand Prix,hamilton,39,82446,87175.6666666667
2016,Monaco Grand Prix,hamilton,40,82696,83040.3333333333
2016,Monaco Grand Prix,hamilton,41,80521,81887.6666666667
2016,Monaco Grand Prix,hamilton,42,81593,81603.3333333333
2016,Monaco Grand Prix,hamilton,43,81662,81258.6666666667
2016,Monaco Grand Prix,hamilton,44,80921,81392.0
2016,Monaco Grand Prix,hamilton,45,79778,80787.0
2016,Monaco Grand Prix,hamilton,46,80763,80487.3333333333
2016,Monaco Grand Prix,hamilton,47,80046,80195.6666666667
2016,Monaco Grand Prix,hamilton,48,80244,80351.0
2016,Monaco Grand Prix,hamilton,49,79803,80031.0
2016,Monaco Grand Prix,hamilton,50,85599,81882.0
2016,Monaco Grand Prix,hamilton,51,97136,87512.6666666667
2016,Monaco Grand Prix,hamilton,52,80041,87592.0
2016,Monaco Grand Prix,hamilton,53,78806,85327.6666666667
2016,Monaco Grand Prix,hamilton,54,79205,79350.6666666667
2016,Monaco Grand Prix,hamilton,55,79279,79096.6666666667
2016,Monaco Grand Prix,hamilton,56,80426,79636.6666666667
2016,Monaco Grand Prix,hamilton,57,78673,79459.3333333333
2016,Monaco Grand Prix,hamilton,58,79525,79541.3333333333
2016,Monaco Grand Prix,hamilton,59,78720,78972.6666666667
2016,Monaco Grand Prix,hamilton,60,79528,79257.6666666667
2016,Monaco Grand Prix,hamilton,61,78684,78977.3333333333
2016,Monaco Grand Prix,hamilton,62,78620,78944.0
2016,Monaco Grand Prix,hamilton,63,78596,78633.3333333333
2016,Monaco Grand Prix,hamilton,64,78337,78517.6666666667
2016,Monaco Grand Prix,hamilton,65,78654,78529.0
2016,Monaco Grand Prix,hamilton,66,78993,78661.3333333333
2016,Monaco Grand Prix,hamilton,67,78710,78785.6666666667
2016,Monaco Grand Prix,hamilton,68,87337,81680.0
2016,Monaco Grand Prix,hamilton,69,86026,84024.3333333333
2016,Monaco Grand Prix,hamilton,70,78921,84094.6666666667
2016,Monaco Grand Prix,hamilton,71,77939,80962.0
2016,Monaco Grand Prix,hamilton,72,78528,78462.6666666667
2016,Monaco Grand Prix,hamilton,73,79031,78499.3333333333
2016,Monaco Grand Prix,hamilton,74,79323,78960.6666666667
2016,Monaco Grand Prix,hamilton,75,79444,79266.0
2016,Monaco Grand Prix,hamilton,76,78577,79114.6666666667
2016,Monaco Grand Prix,hamilton,77,78817,78946.0
2016,Monaco Grand Prix,hamilton,78,80209,79201.0
2016,Monaco Grand Prix,haryanto,1,187541,187541.0
2016,Monaco Grand Prix,haryanto,2,115449,151495.0
2016,Monaco Grand Prix,haryanto,3,128330,143773.333333333
2016,Monaco Grand Prix,haryanto,4,127365,123714.666666667
2016,Monaco Grand Prix,haryanto,5,128004,127899.666666667
2016,Monaco Grand Prix,haryanto,6,129537,128302.0
2016,Monaco Grand Prix,haryanto,7,123626,127055.666666667
2016,Monaco Grand Prix,haryanto,8,117745,123636.0
2016,Monaco Grand Prix,haryanto,9,114807,118726.0
2016,Monaco Grand Prix,haryanto,10,109306,113952.666666667
2016,Monaco Grand Prix,haryanto,11,123988,116033.666666667
2016,Monaco Grand Prix,haryanto,12,107025,113439.666666667
2016,Monaco Grand Prix,haryanto,13,101045,110686.0
2016,Monaco Grand Prix,haryanto,14,99956,102675.333333333
2016,Monaco Grand Prix,haryanto,15,99618,100206.333333333
2016,Monaco Grand Prix,haryanto,16,99518,99697.3333333333
2016,Monaco Grand Prix,haryanto,17,98697,99277.6666666667
2016,Monaco Grand Prix,haryanto,18,97601,98605.3333333333
2016,Monaco Grand Prix,haryanto,19,97650,97982.6666666667
2016,Monaco Grand Prix,haryanto,20,99643,98298.0
2016,Monaco Grand Prix,haryanto,21,97779,98357.3333333333
2016,Monaco Grand Prix,haryanto,22,96446,97956.0
2016,Monaco Grand Prix,haryanto,23,95551,96592.0
2016,Monaco Grand Prix,haryanto,24,94781,95592.6666666667
2016,Monaco Grand Prix,haryanto,25,96596,95642.6666666667
2016,Monaco Grand Prix,haryanto,26,93712,95029.6666666667
2016,Monaco Grand Prix,haryanto,27,92196,94168.0
2016,Monaco Grand Prix,haryanto,28,93501,93136.3333333333
2016,Monaco Grand Prix,haryanto,29,93587,93094.6666666667
2016,Monaco Grand Prix,haryanto,30,96477,94521.6666666667
2016,Monaco Grand Prix,haryanto,31,92631,94231.6666666667
2016,Monaco Grand Prix,haryanto,32,91093,93400.3333333333
2016,Monaco Grand Prix,haryanto,33,93015,92246.3333333333
2016,Monaco Grand Prix,haryanto,34,111319,98475.6666666667
2016,Monaco Grand Prix,haryanto,35,121512,108615.333333333
2016,Monaco Grand Prix,haryanto,36,110891,114574.0
2016,Monaco Grand Prix,haryanto,37,103758,112053.666666667
2016,Monaco Grand Prix,haryanto,38,98128,104259.0
2016,Monaco Grand Prix,haryanto,39,91710,97865.3333333333
2016,Monaco Grand Prix,haryanto,40,89537,93125.0
2016,Monaco Grand Prix,haryanto,41,88344,89863.6666666667
2016,Monaco Grand Prix,haryanto,42,90440,89440.3333333333
2016,Monaco Grand Prix,haryanto,43,94995,91259.6666666667
2016,Monaco Grand Prix,haryanto,44,89830,91755.0
2016,Monaco Grand Prix,haryanto,45,88321,91048.6666666667
2016,Monaco Grand Prix,haryanto,46,93421,90524.0
2016,Monaco Grand Prix,haryanto,47,104289,95343.6666666667
2016,Monaco Grand Prix,haryanto,48,104785,100831.666666667
2016,Monaco Grand Prix,haryanto,49,89951,99675.0
2016,Monaco Grand Prix,haryanto,50,85803,93513.0
2016,Monaco Grand Prix,haryanto,51,88103,87952.3333333333
2016,Monaco Grand Prix,haryanto,52,83636,85847.3333333333
2016,Monaco Grand Prix,haryanto,53,82940,84893.0
2016,Monaco Grand Prix,haryanto,54,83105,83227.0
2016,Monaco Grand Prix,haryanto,55,83474,83173.0
2016,Monaco Grand Prix,haryanto,56,81744,82774.3333333333
2016,Monaco Grand Prix,haryanto,57,81151,82123.0
2016,Monaco Grand Prix,haryanto,58,80793,81229.3333333333
2016,Monaco Grand Prix,haryanto,59,82795,81579.6666666667
2016,Monaco Grand Prix,haryanto,60,82295,81961.0
2016,Monaco Grand Prix,haryanto,61,80936,82008.6666666667
2016,Monaco Grand Prix,haryanto,62,80967,81399.3333333333
2016,Monaco Grand Prix,haryanto,63,80710,80871.0
2016,Monaco Grand Prix,haryanto,64,81150,80942.3333333333
2016,Monaco Grand Prix,haryanto,65,93729,85196.3333333333
2016,Monaco Grand Prix,haryanto,66,80392,85090.3333333333
2016,Monaco Grand Prix,haryanto,67,80162,84761.0
2016,Monaco Grand Prix,haryanto,68,80493,80349.0
2016,Monaco Grand Prix,haryanto,69,80502,80385.6666666667
2016,Monaco Grand Prix,haryanto,70,79868,80287.6666666667
2016,Monaco Grand Prix,haryanto,71,82086,80818.6666666667
2016,Monaco Grand Prix,haryanto,72,88272,83408.6666666667
2016,Monaco Grand Prix,haryanto,73,86970,85776.0
2016,Monaco Grand Prix,haryanto,74,84657,86633.0
2016,Monaco Grand Prix,hulkenberg,1,150366,150366.0
2016,Monaco Grand Prix,hulkenberg,2,134413,142389.5
2016,Monaco Grand Prix,hulkenberg,3,129823,138200.666666667
2016,Monaco Grand Prix,hulkenberg,4,128075,130770.333333333
2016,Monaco Grand Prix,hulkenberg,5,128889,128929.0
2016,Monaco Grand Prix,hulkenberg,6,128680,128548.0
2016,Monaco Grand Prix,hulkenberg,7,127887,128485.333333333
2016,Monaco Grand Prix,hulkenberg,8,114215,123594.0
2016,Monaco Grand Prix,hulkenberg,9,116768,119623.333333333
2016,Monaco Grand Prix,hulkenberg,10,106006,112329.666666667
2016,Monaco Grand Prix,hulkenberg,11,99492,107422.0
2016,Monaco Grand Prix,hulkenberg,12,100215,101904.333333333
2016,Monaco Grand Prix,hulkenberg,13,99401,99702.6666666667
2016,Monaco Grand Prix,hulkenberg,14,97499,99038.3333333333
2016,Monaco Grand Prix,hulkenberg,15,114564,103821.333333333
2016,Monaco Grand Prix,hulkenberg,16,100572,104211.666666667
2016,Monaco Grand Prix,hulkenberg,17,98126,104420.666666667
2016,Monaco Grand Prix,hulkenberg,18,97991,98896.3333333333
2016,Monaco Grand Prix,hulkenberg,19,97654,97923.6666666667
2016,Monaco Grand Prix,hulkenberg,20,97216,97620.3333333333
2016,Monaco Grand Prix,hulkenberg,21,95432,96767.3333333333
2016,Monaco Grand Prix,hulkenberg,22,95747,96131.6666666667
2016,Monaco Grand Prix,hulkenberg,23,93326,94835.0
2016,Monaco Grand Prix,hulkenberg,24,92971,94014.6666666667
2016,Monaco Grand Prix,hulkenberg,25,92794,93030.3333333333
2016,Monaco Grand Prix,hulkenberg,26,91100,92288.3333333333
2016,Monaco Grand Prix,hulkenberg,27,90814,91569.3333333333
2016,Monaco Grand Prix,hulkenberg,28,91425,91113.0
2016,Monaco Grand Prix,hulkenberg,29,91384,91207.6666666667
2016,Monaco Grand Prix,hulkenberg,30,91765,91524.6666666667
2016,Monaco Grand Prix,hulkenberg,31,111512,98220.3333333333
2016,Monaco Grand Prix,hulkenberg,32,99390,100889.0
2016,Monaco Grand Prix,hulkenberg,33,89439,100113.666666667
2016,Monaco Grand Prix,hulkenberg,34,86304,91711.0
2016,Monaco Grand Prix,hulkenberg,35,102597,92780.0
2016,Monaco Grand Prix,hulkenberg,36,112106,100335.666666667
2016,Monaco Grand Prix,hulkenberg,37,87530,100744.333333333
2016,Monaco Grand Prix,hulkenberg,38,87209,95615.0
2016,Monaco Grand Prix,hulkenberg,39,84385,86374.6666666667
2016,Monaco Grand Prix,hulkenberg,40,83095,84896.3333333333
2016,Monaco Grand Prix,hulkenberg,41,83255,83578.3333333333
2016,Monaco Grand Prix,hulkenberg,42,83667,83339.0
2016,Monaco Grand Prix,hulkenberg,43,83545,83489.0
2016,Monaco Grand Prix,hulkenberg,44,82363,83191.6666666667
2016,Monaco Grand Prix,hulkenberg,45,82459,82789.0
2016,Monaco Grand Prix,hulkenberg,46,81883,82235.0
2016,Monaco Grand Prix,hulkenberg,47,81681,82007.6666666667
2016,Monaco Grand Prix,hulkenberg,48,82255,81939.6666666667
2016,Monaco Grand Prix,hulkenberg,49,81239,81725.0
2016,Monaco Grand Prix,hulkenberg,50,99034,87509.3333333333
2016,Monaco Grand Prix,hulkenberg,51,87056,89109.6666666667
2016,Monaco Grand Prix,hulkenberg,52,80825,88971.6666666667
2016,Monaco Grand Prix,hulkenberg,53,80455,82778.6666666667
2016,Monaco Grand Prix,hulkenberg,54,80728,80669.3333333333
2016,Monaco Grand Prix,hulkenberg,55,80354,80512.3333333333
2016,Monaco Grand Prix,hulkenberg,56,80486,80522.6666666667
2016,Monaco Grand Prix,hulkenberg,57,80214,80351.3333333333
2016,Monaco Grand Prix,hulkenberg,58,82192,80964.0
2016,Monaco Grand Prix,hulkenberg,59,81025,81143.6666666667
2016,Monaco Grand Prix,hulkenberg,60,80552,81256.3333333333
2016,Monaco Grand Prix,hulkenberg,61,80031,80536.0
2016,Monaco Grand Prix,hulkenberg,62,79849,80144.0
2016,Monaco Grand Prix,hulkenberg,63,79499,79793.0
2016,Monaco Grand Prix,hulkenberg,64,79674,79674.0
2016,Monaco Grand Prix,hulkenberg,65,80034,79735.6666666667
2016,Monaco Grand Prix,hulkenberg,66,80343,80017.0
2016,Monaco Grand Prix,hulkenberg,67,86226,82201.0
2016,Monaco Grand Prix,hulkenberg,68,88402,84990.3333333333
2016,Monaco Grand Prix,hulkenberg,69,80019,84882.3333333333
2016,Monaco Grand Prix,hulkenberg,70,79367,82596.0
2016,Monaco Grand Prix,hulkenberg,71,79581,79655.6666666667
2016,Monaco Grand Prix,hulkenberg,72,80085,79677.6666666667
2016,Monaco Grand Prix,hulkenberg,73,79378,79681.3333333333
2016,Monaco Grand Prix,hulkenberg,74,79232,79565.0
2016,Monaco Grand Prix,hulkenberg,75,79729,79446.3333333333
2016,Monaco Grand Prix,hulkenberg,76,80490,79817.0
2016,Monaco Grand Prix,hulkenberg,77,81873,80697.3333333333
2016,Monaco Grand Prix,hulkenberg,78,94875,85746.0
2016,Monaco Grand Prix,jolyon_palmer,1,182427,182427.0
2016,Monaco Grand Prix,jolyon_palmer,2,118474,150450.5
2016,Monaco Grand Prix,jolyon_palmer,3,127365,142755.333333333
2016,Monaco Grand Prix,jolyon_palmer,4,128730,124856.333333333
2016,Monaco Grand Prix,jolyon_palmer,5,128510,128201.666666667
2016,Monaco Grand Prix,jolyon_palmer,6,129584,128941.333333333
2016,Monaco Grand Prix,jolyon_palmer,7,123150,127081.333333333
2016,Monaco Grand Prix,kevin_magnussen,1,177269,177269.0
2016,Monaco Grand Prix,kevin_magnussen,2,121072,149170.5
2016,Monaco Grand Prix,kevin_magnussen,3,127581,141974.0
2016,Monaco Grand Prix,kevin_magnussen,4,129045,125899.333333333
2016,Monaco Grand Prix,kevin_magnussen,5,127590,128072.0
2016,Monaco Grand Prix,kevin_magnussen,6,129899,128844.666666667
2016,Monaco Grand Prix,kevin_magnussen,7,140128,132539.0
2016,Monaco Grand Prix,kevin_magnussen,8,121448,130491.666666667
2016,Monaco Grand Prix,kevin_magnussen,9,115333,125636.333333333
2016,Monaco Grand Prix,kevin_magnussen,10,102919,113233.333333333
2016,Monaco Grand Prix,kevin_magnussen,11,101711,106654.333333333
2016,Monaco Grand Prix,kevin_magnussen,12,100327,101652.333333333
2016,Monaco Grand Prix,kevin_magnussen,13,100002,100680.0
2016,Monaco Grand Prix,kevin_magnussen,14,99860,100063.0
2016,Monaco Grand Prix,kevin_magnussen,15,99013,99625.0
2016,Monaco Grand Prix,kevin_magnussen,16,99068,99313.6666666667
2016,Monaco Grand Prix,kevin_magnussen,17,100528,99536.3333333333
2016,Monaco Grand Prix,kevin_magnussen,18,98773,99456.3333333333
2016,Monaco Grand Prix,kevin_magnussen,19,100385,99895.3333333333
2016,Monaco Grand Prix,kevin_magnussen,20,122636,107264.666666667
2016,Monaco Grand Prix,kevin_magnussen,21,150766,124595.666666667
2016,Monaco Grand Prix,kevin_magnussen,22,102944,125448.666666667
2016,Monaco Grand Prix,kevin_magnussen,23,95064,116258.0
2016,Monaco Grand Prix,kevin_magnussen,24,93519,97175.6666666667
2016,Monaco Grand Prix,kevin_magnussen,25,91575,93386.0
2016,Monaco Grand Prix,kevin_magnussen,26,90521,91871.6666666667
2016,Monaco Grand Prix,kevin_magnussen,27,89802,90632.6666666667
2016,Monaco Grand Prix,kevin_magnussen,28,90103,90142.0
2016,Monaco Grand Prix,kevin_magnussen,29,108325,96076.6666666667
2016,Monaco Grand Prix,kevin_magnussen,30,101747,100058.333333333
2016,Monaco Grand Prix,kevin_magnussen,31,91554,100542.0
2016,Monaco Grand Prix,kevin_magnussen,32,137808,110369.666666667
2016,Monaco Grand Prix,kvyat,1,292561,292561.0
2016,Monaco Grand Prix,kvyat,2,202609,247585.0
2016,Monaco Grand Prix,kvyat,3,107215,200795.0
2016,Monaco Grand Prix,kvyat,4,104798,138207.333333333
2016,Monaco Grand Prix,kvyat,5,114071,108694.666666667
2016,Monaco Grand Prix,kvyat,6,120602,113157.0
2016,Monaco Grand Prix,kvyat,7,137289,123987.333333333
2016,Monaco Grand Prix,kvyat,8,115988,124626.333333333
2016,Monaco Grand Prix,kvyat,9,102561,118612.666666667
2016,Monaco Grand Prix,kvyat,10,102007,106852.0
2016,Monaco Grand Prix,kvyat,11,99849,101472.333333333
2016,Monaco Grand Prix,kvyat,12,98451,100102.333333333
2016,Monaco Grand Prix,kvyat,13,100939,99746.3333333333
2016,Monaco Grand Prix,kvyat,14,97895,99095.0
2016,Monaco Grand Prix,kvyat,15,98319,99051.0
2016,Monaco Grand Prix,kvyat,16,99416,98543.3333333333
2016,Monaco Grand Prix,kvyat,17,98247,98660.6666666667
2016,Monaco Grand Prix,kvyat,18,99375,99012.6666666667
2016,Monaco Grand Prix,massa,1,170762,170762.0
2016,Monaco Grand Prix,massa,2,125657,148209.5
2016,Monaco Grand Prix,massa,3,127153,141190.666666667
2016,Monaco Grand Prix,massa,4,128866,127225.333333333
2016,Monaco Grand Prix,massa,5,127797,127938.666666667
2016,Monaco Grand Prix,massa,6,129798,128820.333333333
2016,Monaco Grand Prix,massa,7,124759,127451.333333333
2016,Monaco Grand Prix,massa,8,116572,123709.666666667
2016,Monaco Grand Prix,massa,9,115025,118785.333333333
2016,Monaco Grand Prix,massa,10,107060,112885.666666667
2016,Monaco Grand Prix,massa,11,104935,109006.666666667
2016,Monaco Grand Prix,massa,12,100533,104176.0
2016,Monaco Grand Prix,massa,13,99818,101762.0
2016,Monaco Grand Prix,massa,14,99083,99811.3333333333
2016,Monaco Grand Prix,massa,15,99143,99348.0
2016,Monaco Grand Prix,massa,16,98710,98978.6666666667
2016,Monaco Grand Prix,massa,17,98404,98752.3333333333
2016,Monaco Grand Prix,massa,18,97918,98344.0
2016,Monaco Grand Prix,massa,19,97641,97987.6666666667
2016,Monaco Grand Prix,massa,20,113600,103053.0
2016,Monaco Grand Prix,massa,21,99011,103417.333333333
2016,Monaco Grand Prix,massa,22,95431,102680.666666667
2016,Monaco Grand Prix,massa,23,95067,96503.0
2016,Monaco Grand Prix,massa,24,93930,94809.3333333333
2016,Monaco Grand Prix,massa,25,92223,93740.0
2016,Monaco Grand Prix,massa,26,91927,92693.3333333333
2016,Monaco Grand Prix,massa,27,90517,91555.6666666667
2016,Monaco Grand Prix,massa,28,89832,90758.6666666667
2016,Monaco Grand Prix,massa,29,89462,89937.0
2016,Monaco Grand Prix,massa,30,90575,89956.3333333333
2016,Monaco Grand Prix,massa,31,91357,90464.6666666667
2016,Monaco Grand Prix,massa,32,107942,96624.6666666667
2016,Monaco Grand Prix,massa,33,96161,98486.6666666667
2016,Monaco Grand Prix,massa,34,88840,97647.6666666667
2016,Monaco Grand Prix,massa,35,110242,98414.3333333333
2016,Monaco Grand Prix,massa,36,107618,102233.333333333
2016,Monaco Grand Prix,massa,37,87953,101937.666666667
2016,Monaco Grand Prix,massa,38,86244,93938.3333333333
2016,Monaco Grand Prix,massa,39,86671,86956.0
2016,Monaco Grand Prix,massa,40,83789,85568.0
2016,Monaco Grand Prix,massa,41,84501,84987.0
2016,Monaco Grand Prix,massa,42,83072,83787.3333333333
2016,Monaco Grand Prix,massa,43,82857,83476.6666666667
2016,Monaco Grand Prix,massa,44,82850,82926.3333333333
2016,Monaco Grand Prix,massa,45,82409,82705.3333333333
2016,Monaco Grand Prix,massa,46,81730,82329.6666666667
2016,Monaco Grand Prix,massa,47,81442,81860.3333333333
2016,Monaco Grand Prix,massa,48,81050,81407.3333333333
2016,Monaco Grand Prix,massa,49,82945,81812.3333333333
2016,Monaco Grand Prix,massa,50,103366,89120.3333333333
2016,Monaco Grand Prix,massa,51,82414,89575.0
2016,Monaco Grand Prix,massa,52,82711,89497.0
2016,Monaco Grand Prix,massa,53,82048,82391.0
2016,Monaco Grand Prix,massa,54,79887,81548.6666666667
2016,Monaco Grand Prix,massa,55,79635,80523.3333333333
2016,Monaco Grand Prix,massa,56,79537,79686.3333333333
2016,Monaco Grand Prix,massa,57,79716,79629.3333333333
2016,Monaco Grand Prix,massa,58,79655,79636.0
2016,Monaco Grand Prix,massa,59,79515,79628.6666666667
2016,Monaco Grand Prix,massa,60,79437,79535.6666666667
2016,Monaco Grand Prix,massa,61,79346,79432.6666666667
2016,Monaco Grand Prix,massa,62,79433,79405.3333333333
2016,Monaco Grand Prix,massa,63,79687,79488.6666666667
2016,Monaco Grand Prix,massa,64,84397,81172.3333333333
2016,Monaco Grand Prix,massa,65,79291,81125.0
2016,Monaco Grand Prix,massa,66,79376,81021.3333333333
2016,Monaco Grand Prix,massa,67,89046,82571.0
2016,Monaco Grand Prix,massa,68,84904,84442.0
2016,Monaco Grand Prix,massa,69,79213,84387.6666666667
2016,Monaco Grand Prix,massa,70,79569,81228.6666666667
2016,Monaco Grand Prix,massa,71,79485,79422.3333333333
2016,Monaco Grand Prix,massa,72,79773,79609.0
2016,Monaco Grand Prix,massa,73,79549,79602.3333333333
2016,Monaco Grand Prix,massa,74,83304,80875.3333333333
2016,Monaco Grand Prix,massa,75,80397,81083.3333333333
2016,Monaco Grand Prix,massa,76,81813,81838.0
2016,Monaco Grand Prix,massa,77,84433,82214.3333333333
2016,Monaco Grand Prix,max_verstappen,1,193559,193559.0
2016,Monaco Grand Prix,max_verstappen,2,112790,153174.5
2016,Monaco Grand Prix,max_verstappen,3,126875,144408.0
2016,Monaco Grand Prix,max_verstappen,4,127589,122418.0
2016,Monaco Grand Prix,max_verstappen,5,127632,127365.333333333
2016,Monaco Grand Prix,max_verstappen,6,129271,128164.0
2016,Monaco Grand Prix,max_verstappen,7,122544,126482.333333333
2016,Monaco Grand Prix,max_verstappen,8,118181,123332.0
2016,Monaco Grand Prix,max_verstappen,9,114556,118427.0
2016,Monaco Grand Prix,max_verstappen,10,106238,112991.666666667
2016,Monaco Grand Prix,max_verstappen,11,101977,107590.333333333
2016,Monaco Grand Prix,max_verstappen,12,116981,108398.666666667
2016,Monaco Grand Prix,max_verstappen,13,100979,106645.666666667
2016,Monaco Grand Prix,max_verstappen,14,97621,105193.666666667
2016,Monaco Grand Prix,max_verstappen,15,98130,98910.0
2016,Monaco Grand Prix,max_verstappen,16,97998,97916.3333333333
2016,Monaco Grand Prix,max_verstappen,17,100129,98752.3333333333
2016,Monaco Grand Prix,max_verstappen,18,98614,98913.6666666667
2016,Monaco Grand Prix,max_verstappen,19,98341,99028.0
2016,Monaco Grand Prix,max_verstappen,20,92859,96604.6666666667
2016,Monaco Grand Prix,max_verstappen,21,92649,94616.3333333333
2016,Monaco Grand Prix,max_verstappen,22,93212,92906.6666666667
2016,Monaco Grand Prix,max_verstappen,23,93223,93028.0
2016,Monaco Grand Prix,max_verstappen,24,90853,92429.3333333333
2016,Monaco Grand Prix,max_verstappen,25,92766,92280.6666666667
2016,Monaco Grand Prix,max_verstappen,26,92197,91938.6666666667
2016,Monaco Grand Prix,max_verstappen,27,91487,92150.0
2016,Monaco Grand Prix,max_verstappen,28,90185,91289.6666666667
2016,Monaco Grand Prix,max_verstappen,29,90280,90650.6666666667
2016,Monaco Grand Prix,max_verstappen,30,91130,90531.6666666667
2016,Monaco Grand Prix,max_verstappen,31,108653,96687.6666666667
2016,Monaco Grand Prix,max_verstappen,32,97085,98956.0
2016,Monaco Grand Prix,max_verstappen,33,89525,98421.0
2016,Monaco Grand Prix,max_verstappen,34,86563,91057.6666666667
2016,Monaco Grand Prix,nasr,1,195713,195713.0
2016,Monaco Grand Prix,nasr,2,113921,154817.0
2016,Monaco Grand Prix,nasr,3,125165,144933.0
2016,Monaco Grand Prix,nasr,4,127491,122192.333333333
2016,Monaco Grand Prix,nasr,5,127987,126881.0
2016,Monaco Grand Prix,nasr,6,129345,128274.333333333
2016,Monaco Grand Prix,nasr,7,121293,126208.333333333
2016,Monaco Grand Prix,nasr,8,137327,129321.666666667
2016,Monaco Grand Prix,nasr,9,115891,124837.0
2016,Monaco Grand Prix,nasr,10,102322,118513.333333333
2016,Monaco Grand Prix,nasr,11,101697,106636.666666667
2016,Monaco Grand Prix,nasr,12,99111,101043.333333333
2016,Monaco Grand Prix,nasr,13,98824,99877.3333333333
2016,Monaco Grand Prix,nasr,14,99188,99041.0
2016,Monaco Grand Prix,nasr,15,99095,99035.6666666667
2016,Monaco Grand Prix,nasr,16,100306,99529.6666666667
2016,Monaco Grand Prix,nasr,17,100618,100006.333333333
2016,Monaco Grand Prix,nasr,18,98707,99877.0
2016,Monaco Grand Prix,nasr,19,99000,99441.6666666667
2016,Monaco Grand Prix,nasr,20,101455,99720.6666666667
2016,Monaco Grand Prix,nasr,21,97192,99215.6666666667
2016,Monaco Grand Prix,nasr,22,97008,98551.6666666667
2016,Monaco Grand Prix,nasr,23,97653,97284.3333333333
2016,Monaco Grand Prix,nasr,24,96236,96965.6666666667
2016,Monaco Grand Prix,nasr,25,96588,96825.6666666667
2016,Monaco Grand Prix,nasr,26,94648,95824.0
2016,Monaco Grand Prix,nasr,27,94869,95368.3333333333
2016,Monaco Grand Prix,nasr,28,94676,94731.0
2016,Monaco Grand Prix,nasr,29,93799,94448.0
2016,Monaco Grand Prix,nasr,30,93126,93867.0
2016,Monaco Grand Prix,nasr,31,94736,93887.0
2016,Monaco Grand Prix,nasr,32,113427,100429.666666667
2016,Monaco Grand Prix,nasr,33,101656,103273.0
2016,Monaco Grand Prix,nasr,34,99903,104995.333333333
2016,Monaco Grand Prix,nasr,35,116291,105950.0
2016,Monaco Grand Prix,nasr,36,99595,105263.0
2016,Monaco Grand Prix,nasr,37,89566,101817.333333333
2016,Monaco Grand Prix,nasr,38,91562,93574.3333333333
2016,Monaco Grand Prix,nasr,39,88992,90040.0
2016,Monaco Grand Prix,nasr,40,85345,88633.0
2016,Monaco Grand Prix,nasr,41,84918,86418.3333333333
2016,Monaco Grand Prix,nasr,42,84951,85071.3333333333
2016,Monaco Grand Prix,nasr,43,83622,84497.0
2016,Monaco Grand Prix,nasr,44,83386,83986.3333333333
2016,Monaco Grand Prix,nasr,45,82186,83064.6666666667
2016,Monaco Grand Prix,nasr,46,81889,82487.0
2016,Monaco Grand Prix,nasr,47,82656,82243.6666666667
2016,Monaco Grand Prix,nasr,48,135357,99967.3333333333
2016,Monaco Grand Prix,perez,1,153805,153805.0
2016,Monaco Grand Prix,perez,2,133856,143830.5
2016,Monaco Grand Prix,perez,3,128903,138854.666666667
2016,Monaco Grand Prix,perez,4,128035,130264.666666667
2016,Monaco Grand Prix,perez,5,129574,128837.333333333
2016,Monaco Grand Prix,perez,6,128751,128786.666666667
2016,Monaco Grand Prix,perez,7,127076,128467.0
2016,Monaco Grand Prix,perez,8,114195,123340.666666667
2016,Monaco Grand Prix,perez,9,117275,119515.333333333
2016,Monaco Grand Prix,perez,10,105429,112299.666666667
2016,Monaco Grand Prix,perez,11,99960,107554.666666667
2016,Monaco Grand Prix,perez,12,99819,101736.0
2016,Monaco Grand Prix,perez,13,99199,99659.3333333333
2016,Monaco Grand Prix,perez,14,98880,99299.3333333333
2016,Monaco Grand Prix,perez,15,97700,98593.0
2016,Monaco Grand Prix,perez,16,97529,98036.3333333333
2016,Monaco Grand Prix,perez,17,97041,97423.3333333333
2016,Monaco Grand Prix,perez,18,97068,97212.6666666667
2016,Monaco Grand Prix,perez,19,96734,96947.6666666667
2016,Monaco Grand Prix,perez,20,96483,96761.6666666667
2016,Monaco Grand Prix,perez,21,113055,102090.666666667
2016,Monaco Grand Prix,perez,22,96934,102157.333333333
2016,Monaco Grand Prix,perez,23,93372,101120.333333333
2016,Monaco Grand Prix,perez,24,92851,94385.6666666667
2016,Monaco Grand Prix,perez,25,91856,92693.0
2016,Monaco Grand Prix,perez,26,91566,92091.0
2016,Monaco Grand Prix,perez,27,91716,91712.6666666667
2016,Monaco Grand Prix,perez,28,90995,91425.6666666667
2016,Monaco Grand Prix,perez,29,91666,91459.0
2016,Monaco Grand Prix,perez,30,108797,97152.6666666667
2016,Monaco Grand Prix,perez,31,94534,98332.3333333333
2016,Monaco Grand Prix,perez,32,89241,97524.0
2016,Monaco Grand Prix,perez,33,86781,90185.3333333333
2016,Monaco Grand Prix,perez,34,86287,87436.3333333333
2016,Monaco Grand Prix,perez,35,99774,90947.3333333333
2016,Monaco Grand Prix,perez,36,114281,100114.0
2016,Monaco Grand Prix,perez,37,88298,100784.333333333
2016,Monaco Grand Prix,perez,38,86571,96383.3333333333
2016,Monaco Grand Prix,perez,39,83469,86112.6666666667
2016,Monaco Grand Prix,perez,40,82549,84196.3333333333
2016,Monaco Grand Prix,perez,41,82259,82759.0
2016,Monaco Grand Prix,perez,42,81212,82006.6666666667
2016,Monaco Grand Prix,perez,43,81461,81644.0
2016,Monaco Grand Prix,perez,44,81283,81318.6666666667
2016,Monaco Grand Prix,perez,45,80563,81102.3333333333
2016,Monaco Grand Prix,perez,46,80246,80697.3333333333
2016,Monaco Grand Prix,perez,47,79645,80151.3333333333
2016,Monaco Grand Prix,perez,48,79417,79769.3333333333
2016,Monaco Grand Prix,perez,49,79219,79427.0
2016,Monaco Grand Prix,perez,50,89848,82828.0
2016,Monaco Grand Prix,perez,51,93008,87358.3333333333
2016,Monaco Grand Prix,perez,52,79399,87418.3333333333
2016,Monaco Grand Prix,perez,53,79960,84122.3333333333
2016,Monaco Grand Prix,perez,54,79165,79508.0
2016,Monaco Grand Prix,perez,55,78860,79328.3333333333
2016,Monaco Grand Prix,perez,56,79309,79111.3333333333
2016,Monaco Grand Prix,perez,57,78828,78999.0
2016,Monaco Grand Prix,perez,58,80016,79384.3333333333
2016,Monaco Grand Prix,perez,59,79568,79470.6666666667
2016,Monaco Grand Prix,perez,60,78534,79372.6666666667
2016,Monaco Grand Prix,perez,61,79208,79103.3333333333
2016,Monaco Grand Prix,perez,62,78805,78849.0
2016,Monaco Grand Prix,perez,63,78936,78983.0
2016,Monaco Grand Prix,perez,64,78446,78729.0
2016,Monaco Grand Prix,perez,65,78667,78683.0
2016,Monaco Grand Prix,perez,66,78937,78683.3333333333
2016,Monaco Grand Prix,perez,67,78893,78832.3333333333
2016,Monaco Grand Prix,perez,68,91423,83084.3333333333
2016,Monaco Grand Prix,perez,69,82391,84235.6666666667
2016,Monaco Grand Prix,perez,70,78773,84195.6666666667
2016,Monaco Grand Prix,perez,71,78753,79972.3333333333
2016,Monaco Grand Prix,perez,72,79144,78890.0
2016,Monaco Grand Prix,perez,73,78687,78861.3333333333
2016,Monaco Grand Prix,perez,74,78896,78909.0
2016,Monaco Grand Prix,perez,75,79083,78888.6666666667
2016,Monaco Grand Prix,perez,76,79208,79062.3333333333
2016,Monaco Grand Prix,perez,77,80189,79493.3333333333
2016,Monaco Grand Prix,perez,78,80814,80070.3333333333
2016,Monaco Grand Prix,raikkonen,1,162151,162151.0
2016,Monaco Grand Prix,raikkonen,2,129808,145979.5
2016,Monaco Grand Prix,raikkonen,3,127745,139901.333333333
2016,Monaco Grand Prix,raikkonen,4,128777,128776.666666667
2016,Monaco Grand Prix,raikkonen,5,128456,128326.0
2016,Monaco Grand Prix,raikkonen,6,129777,129003.333333333
2016,Monaco Grand Prix,raikkonen,7,125692,127975.0
2016,Monaco Grand Prix,raikkonen,8,116834,124101.0
2016,Monaco Grand Prix,raikkonen,9,116006,119510.666666667
2016,Monaco Grand Prix,raikkonen,10,107149,113329.666666667
2016,Monaco Grand Prix,ricciardo,1,145733,145733.0
2016,Monaco Grand Prix,ricciardo,2,133279,139506.0
2016,Monaco Grand Prix,ricciardo,3,129882,136298.0
2016,Monaco Grand Prix,ricciardo,4,128382,130514.333333333
2016,Monaco Grand Prix,ricciardo,5,128107,128790.333333333
2016,Monaco Grand Prix,ricciardo,6,128027,128172.0
2016,Monaco Grand Prix,ricciardo,7,131643,129259.0
2016,Monaco Grand Prix,ricciardo,8,111768,123812.666666667
2016,Monaco Grand Prix,ricciardo,9,116852,120087.666666667
2016,Monaco Grand Prix,ricciardo,10,104658,111092.666666667
2016,Monaco Grand Prix,ricciardo,11,98140,106550.0
2016,Monaco Grand Prix,ricciardo,12,97896,100231.333333333
2016,Monaco Grand Prix,ricciardo,13,97561,97865.6666666667
2016,Monaco Grand Prix,ricciardo,14,96677,97378.0
2016,Monaco Grand Prix,ricciardo,15,95946,96728.0
2016,Monaco Grand Prix,ricciardo,16,95784,96135.6666666667
2016,Monaco Grand Prix,ricciardo,17,95312,95680.6666666667
2016,Monaco Grand Prix,ricciardo,18,95150,95415.3333333333
2016,Monaco Grand Prix,ricciardo,19,94875,95112.3333333333
2016,Monaco Grand Prix,ricciardo,20,94360,94795.0
2016,Monaco Grand Prix,ricciardo,21,96195,95143.3333333333
2016,Monaco Grand Prix,ricciardo,22,96578,95711.0
2016,Monaco Grand Prix,ricciardo,23,111693,101488.666666667
2016,Monaco Grand Prix,ricciardo,24,95590,101287.0
2016,Monaco Grand Prix,ricciardo,25,90181,99154.6666666667
2016,Monaco Grand Prix,ricciardo,26,89962,91911.0
2016,Monaco Grand Prix,ricciardo,27,90120,90087.6666666667
2016,Monaco Grand Prix,ricciardo,28,91344,90475.3333333333
2016,Monaco Grand Prix,ricciardo,29,90874,90779.3333333333
2016,Monaco Grand Prix,ricciardo,30,91085,91101.0
2016,Monaco Grand Prix,ricciardo,31,91683,91214.0
2016,Monaco Grand Prix,ricciardo,32,116435,99734.3333333333
2016,Monaco Grand Prix,ricciardo,33,93994,100704.0
2016,Monaco Grand Prix,ricciardo,34,90001,100143.333333333
2016,Monaco Grand Prix,ricciardo,35,95391,93128.6666666667
2016,Monaco Grand Prix,ricciardo,36,117515,100969.0
2016,Monaco Grand Prix,ricciardo,37,94932,102612.666666667
2016,Monaco Grand Prix,ricciardo,38,84236,98894.3333333333
2016,Monaco Grand Prix,ricciardo,39,82930,87366.0
2016,Monaco Grand Prix,ricciardo,40,82560,83242.0
2016,Monaco Grand Prix,ricciardo,41,81322,82270.6666666667
2016,Monaco Grand Prix,ricciardo,42,80749,81543.6666666667
2016,Monaco Grand Prix,ricciardo,43,81137,81069.3333333333
2016,Monaco Grand Prix,ricciardo,44,80756,80880.6666666667
2016,Monaco Grand Prix,ricciardo,45,80527,80806.6666666667
2016,Monaco Grand Prix,ricciardo,46,80167,80483.3333333333
2016,Monaco Grand Prix,ricciardo,47,80140,80278.0
2016,Monaco Grand Prix,ricciardo,48,80083,80130.0
2016,Monaco Grand Prix,ricciardo,49,79806,80009.6666666667
2016,Monaco Grand Prix,ricciardo,50,86202,82030.3333333333
2016,Monaco Grand Prix,ricciardo,51,96372,87460.0
2016,Monaco Grand Prix,ricciardo,52,80341,87638.3333333333
2016,Monaco Grand Prix,ricciardo,53,79398,85370.3333333333
2016,Monaco Grand Prix,ricciardo,54,79489,79742.6666666667
2016,Monaco Grand Prix,ricciardo,55,79248,79378.3333333333
2016,Monaco Grand Prix,ricciardo,56,80150,79629.0
2016,Monaco Grand Prix,ricciardo,57,79243,79547.0
2016,Monaco Grand Prix,ricciardo,58,78990,79461.0
2016,Monaco Grand Prix,ricciardo,59,78998,79077.0
2016,Monaco Grand Prix,ricciardo,60,79522,79170.0
2016,Monaco Grand Prix,ricciardo,61,78504,79008.0
2016,Monaco Grand Prix,ricciardo,62,78514,78846.6666666667
2016,Monaco Grand Prix,ricciardo,63,78341,78453.0
2016,Monaco Grand Prix,ricciardo,64,79484,78779.6666666667
2016,Monaco Grand Prix,ricciardo,65,79046,78957.0
2016,Monaco Grand Prix,ricciardo,66,78387,78972.3333333333
2016,Monaco Grand Prix,ricciardo,67,78294,78575.6666666667
2016,Monaco Grand Prix,ricciardo,68,87678,81453.0
2016,Monaco Grand Prix,ricciardo,69,86161,84044.3333333333
2016,Monaco Grand Prix,ricciardo,70,78352,84063.6666666667
2016,Monaco Grand Prix,ricciardo,71,78501,81004.6666666667
2016,Monaco Grand Prix,ricciardo,72,79520,78791.0
2016,Monaco Grand Prix,ricciardo,73,79564,79195.0
2016,Monaco Grand Prix,ricciardo,74,79661,79581.6666666667
2016,Monaco Grand Prix,ricciardo,75,78902,79375.6666666667
2016,Monaco Grand Prix,ricciardo,76,78805,79122.6666666667
2016,Monaco Grand Prix,ricciardo,77,80996,79567.6666666667
2016,Monaco Grand Prix,ricciardo,78,81704,80501.6666666667
2016,Monaco Grand Prix,rosberg,1,146157,146157.0
2016,Monaco Grand Prix,rosberg,2,134647,140402.0
2016,Monaco Grand Prix,rosberg,3,129316,136706.666666667
2016,Monaco Grand Prix,rosberg,4,128232,130731.666666667
2016,Monaco Grand Prix,rosberg,5,128606,128718.0
2016,Monaco Grand Prix,rosberg,6,127509,128115.666666667
2016,Monaco Grand Prix,rosberg,7,131764,129293.0
2016,Monaco Grand Prix,rosberg,8,113393,124222.0
2016,Monaco Grand Prix,rosberg,9,116326,120494.333333333
2016,Monaco Grand Prix,rosberg,10,105734,111817.666666667
2016,Monaco Grand Prix,rosberg,11,99852,107304.0
2016,Monaco Grand Prix,rosberg,12,100642,102076.0
2016,Monaco Grand Prix,rosberg,13,99106,99866.6666666667
2016,Monaco Grand Prix,rosberg,14,98922,99556.6666666667
2016,Monaco Grand Prix,rosberg,15,97478,98502.0
2016,Monaco Grand Prix,rosberg,16,100096,98832.0
2016,Monaco Grand Prix,rosberg,17,97461,98345.0
2016,Monaco Grand Prix,rosberg,18,96986,98181.0
2016,Monaco Grand Prix,rosberg,19,96397,96948.0
2016,Monaco Grand Prix,rosberg,20,114961,102781.333333333
2016,Monaco Grand Prix,rosberg,21,98699,103352.333333333
2016,Monaco Grand Prix,rosberg,22,94173,102611.0
2016,Monaco Grand Prix,rosberg,23,93568,95480.0
2016,Monaco Grand Prix,rosberg,24,92710,93483.6666666667
2016,Monaco Grand Prix,rosberg,25,91706,92661.3333333333
2016,Monaco Grand Prix,rosberg,26,91470,91962.0
2016,Monaco Grand Prix,rosberg,27,91559,91578.3333333333
2016,Monaco Grand Prix,rosberg,28,90899,91309.3333333333
2016,Monaco Grand Prix,rosberg,29,90727,91061.6666666667
2016,Monaco Grand Prix,rosberg,30,90838,90821.3333333333
2016,Monaco Grand Prix,rosberg,31,112009,97858.0
2016,Monaco Grand Prix,rosberg,32,103382,102076.333333333
2016,Monaco Grand Prix,rosberg,33,89439,101610.0
2016,Monaco Grand Prix,rosberg,34,85810,92877.0
2016,Monaco Grand Prix,rosberg,35,102545,92598.0
2016,Monaco Grand Prix,rosberg,36,112562,100305.666666667
2016,Monaco Grand Prix,rosberg,37,87003,100703.333333333
2016,Monaco Grand Prix,rosberg,38,87171,95578.6666666667
2016,Monaco Grand Prix,rosberg,39,83679,85951.0
2016,Monaco Grand Prix,rosberg,40,83438,84762.6666666667
2016,Monaco Grand Prix,rosberg,41,83753,83623.3333333333
2016,Monaco Grand Prix,rosberg,42,83717,83636.0
2016,Monaco Grand Prix,rosberg,43,83255,83575.0
2016,Monaco Grand Prix,rosberg,44,82260,83077.3333333333
2016,Monaco Grand Prix,rosberg,45,82143,82552.6666666667
2016,Monaco Grand Prix,rosberg,46,82081,82161.3333333333
2016,Monaco Grand Prix,rosberg,47,81977,82067.0
2016,Monaco Grand Prix,rosberg,48,82465,82174.3333333333
2016,Monaco Grand Prix,rosberg,49,81301,81914.3333333333
2016,Monaco Grand Prix,rosberg,50,98860,87542.0
2016,Monaco Grand Prix,rosberg,51,86976,89045.6666666667
2016,Monaco Grand Prix,rosberg,52,80751,88862.3333333333
2016,Monaco Grand Prix,rosberg,53,80669,82798.6666666667
2016,Monaco Grand Prix,rosberg,54,80516,80645.3333333333
2016,Monaco Grand Prix,rosberg,55,80560,80581.6666666667
2016,Monaco Grand Prix,rosberg,56,80450,80508.6666666667
2016,Monaco Grand Prix,rosberg,57,80135,80381.6666666667
2016,Monaco Grand Prix,rosberg,58,82419,81001.3333333333
2016,Monaco Grand Prix,rosberg,59,81302,81285.3333333333
2016,Monaco Grand Prix,rosberg,60,80119,81280.0
2016,Monaco Grand Prix,rosberg,61,80112,80511.0
2016,Monaco Grand Prix,rosberg,62,79741,79990.6666666667
2016,Monaco Grand Prix,rosberg,63,79420,79757.6666666667
2016,Monaco Grand Prix,rosberg,64,79772,79644.3333333333
2016,Monaco Grand Prix,rosberg,65,80234,79808.6666666667
2016,Monaco Grand Prix,rosberg,66,80206,80070.6666666667
2016,Monaco Grand Prix,rosberg,67,85920,82120.0
2016,Monaco Grand Prix,rosberg,68,88607,84911.0
2016,Monaco Grand Prix,rosberg,69,80000,84842.3333333333
2016,Monaco Grand Prix,rosberg,70,79318,82641.6666666667
2016,Monaco Grand Prix,rosberg,71,79560,79626.0
2016,Monaco Grand Prix,rosberg,72,79892,79590.0
2016,Monaco Grand Prix,rosberg,73,79391,79614.3333333333
2016,Monaco Grand Prix,rosberg,74,78763,79348.6666666667
2016,Monaco Grand Prix,rosberg,75,80205,79453.0
2016,Monaco Grand Prix,rosberg,76,80714,79894.0
2016,Monaco Grand Prix,rosberg,77,81890,80936.3333333333
2016,Monaco Grand Prix,rosberg,78,95997,86200.3333333333
2016,Monaco Grand Prix,sainz,1,151866,151866.0
2016,Monaco Grand Prix,sainz,2,134476,143171.0
2016,Monaco Grand Prix,sainz,3,129286,138542.666666667
2016,Monaco Grand Prix,sainz,4,128273,130678.333333333
2016,Monaco Grand Prix,sainz,5,129260,128939.666666667
2016,Monaco Grand Prix,sainz,6,128618,128717.0
2016,Monaco Grand Prix,sainz,7,127839,128572.333333333
2016,Monaco Grand Prix,sainz,8,114070,123509.0
2016,Monaco Grand Prix,sainz,9,116570,119493.0
2016,Monaco Grand Prix,sainz,10,106146,112262.0
2016,Monaco Grand Prix,sainz,11,99776,107497.333333333
2016,Monaco Grand Prix,sainz,12,99955,101959.0
2016,Monaco Grand Prix,sainz,13,99166,99632.3333333333
2016,Monaco Grand Prix,sainz,14,98737,99286.0
2016,Monaco Grand Prix,sainz,15,97110,98337.6666666667
2016,Monaco Grand Prix,sainz,16,97455,97767.3333333333
2016,Monaco Grand Prix,sainz,17,97501,97355.3333333333
2016,Monaco Grand Prix,sainz,18,97146,97367.3333333333
2016,Monaco Grand Prix,sainz,19,96471,97039.3333333333
2016,Monaco Grand Prix,sainz,20,96389,96668.6666666667
2016,Monaco Grand Prix,sainz,21,114731,102530.333333333
2016,Monaco Grand Prix,sainz,22,99637,103585.666666667
2016,Monaco Grand Prix,sainz,23,93560,102642.666666667
2016,Monaco Grand Prix,sainz,24,92457,95218.0
2016,Monaco Grand Prix,sainz,25,92301,92772.6666666667
2016,Monaco Grand Prix,sainz,26,91886,92214.6666666667
2016,Monaco Grand Prix,sainz,27,90956,91714.3333333333
2016,Monaco Grand Prix,sainz,28,90826,91222.6666666667
2016,Monaco Grand Prix,sainz,29,91952,91244.6666666667
2016,Monaco Grand Prix,sainz,30,91570,91449.3333333333
2016,Monaco Grand Prix,sainz,31,111995,98505.6666666667
2016,Monaco Grand Prix,sainz,32,98030,100531.666666667
2016,Monaco Grand Prix,sainz,33,89618,99881.0
2016,Monaco Grand Prix,sainz,34,86643,91430.3333333333
2016,Monaco Grand Prix,sainz,35,104043,93434.6666666667
2016,Monaco Grand Prix,sainz,36,111003,100563.0
2016,Monaco Grand Prix,sainz,37,87001,100682.333333333
2016,Monaco Grand Prix,sainz,38,89762,95922.0
2016,Monaco Grand Prix,sainz,39,83404,86722.3333333333
2016,Monaco Grand Prix,sainz,40,82386,85184.0
2016,Monaco Grand Prix,sainz,41,82534,82774.6666666667
2016,Monaco Grand Prix,sainz,42,83472,82797.3333333333
2016,Monaco Grand Prix,sainz,43,86619,84208.3333333333
2016,Monaco Grand Prix,sainz,44,81441,83844.0
2016,Monaco Grand Prix,sainz,45,80242,82767.3333333333
2016,Monaco Grand Prix,sainz,46,82091,81258.0
2016,Monaco Grand Prix,sainz,47,81983,81438.6666666667
2016,Monaco Grand Prix,sainz,48,81740,81938.0
2016,Monaco Grand Prix,sainz,49,81473,81732.0
2016,Monaco Grand Prix,sainz,50,99450,87554.3333333333
2016,Monaco Grand Prix,sainz,51,86999,89307.3333333333
2016,Monaco Grand Prix,sainz,52,80720,89056.3333333333
2016,Monaco Grand Prix,sainz,53,80408,82709.0
2016,Monaco Grand Prix,sainz,54,80837,80655.0
2016,Monaco Grand Prix,sainz,55,80681,80642.0
2016,Monaco Grand Prix,sainz,56,79627,80381.6666666667
2016,Monaco Grand Prix,sainz,57,80493,80267.0
2016,Monaco Grand Prix,sainz,58,81771,80630.3333333333
2016,Monaco Grand Prix,sainz,59,81210,81158.0
2016,Monaco Grand Prix,sainz,60,80714,81231.6666666667
2016,Monaco Grand Prix,sainz,61,80249,80724.3333333333
2016,Monaco Grand Prix,sainz,62,80104,80355.6666666667
2016,Monaco Grand Prix,sainz,63,80297,80216.6666666667
2016,Monaco Grand Prix,sainz,64,80072,80157.6666666667
2016,Monaco Grand Prix,sainz,65,79332,79900.3333333333
2016,Monaco Grand Prix,sainz,66,79604,79669.3333333333
2016,Monaco Grand Prix,sainz,67,87669,82201.6666666667
2016,Monaco Grand Prix,sainz,68,88101,85124.6666666667
2016,Monaco Grand Prix,sainz,69,79793,85187.6666666667
2016,Monaco Grand Prix,sainz,70,78519,82137.6666666667
2016,Monaco Grand Prix,sainz,71,80093,79468.3333333333
2016,Monaco Grand Prix,sainz,72,79577,79396.3333333333
2016,Monaco Grand Prix,sainz,73,79510,79726.6666666667
2016,Monaco Grand Prix,sainz,74,79252,79446.3333333333
2016,Monaco Grand Prix,sainz,75,80822,79861.3333333333
2016,Monaco Grand Prix,sainz,76,81697,80590.3333333333
2016,Monaco Grand Prix,sainz,77,81730,81416.3333333333
2016,Monaco Grand Prix,vettel,1,148982,148982.0
2016,Monaco Grand Prix,vettel,2,134344,141663.0
2016,Monaco Grand Prix,vettel,3,130093,137806.333333333
2016,Monaco Grand Prix,vettel,4,128376,130937.666666667
2016,Monaco Grand Prix,vettel,5,127474,128647.666666667
2016,Monaco Grand Prix,vettel,6,129444,128431.333333333
2016,Monaco Grand Prix,vettel,7,128842,128586.666666667
2016,Monaco Grand Prix,vettel,8,113763,124016.333333333
2016,Monaco Grand Prix,vettel,9,116405,119670.0
2016,Monaco Grand Prix,vettel,10,106582,112250.0
2016,Monaco Grand Prix,vettel,11,99849,107612.0
2016,Monaco Grand Prix,vettel,12,99864,102098.333333333
2016,Monaco Grand Prix,vettel,13,115825,105179.333333333
2016,Monaco Grand Prix,vettel,14,99663,105117.333333333
2016,Monaco Grand Prix,vettel,15,98014,104500.666666667
2016,Monaco Grand Prix,vettel,16,98834,98837.0
2016,Monaco Grand Prix,vettel,17,98061,98303.0
2016,Monaco Grand Prix,vettel,18,98100,98331.6666666667
2016,Monaco Grand Prix,vettel,19,97524,97895.0
2016,Monaco Grand Prix,vettel,20,97237,97620.3333333333
2016,Monaco Grand Prix,vettel,21,95572,96777.6666666667
2016,Monaco Grand Prix,vettel,22,95529,96112.6666666667
2016,Monaco Grand Prix,vettel,23,93221,94774.0
2016,Monaco Grand Prix,vettel,24,92749,93833.0
2016,Monaco Grand Prix,vettel,25,92026,92665.3333333333
2016,Monaco Grand Prix,vettel,26,91236,92003.6666666667
2016,Monaco Grand Prix,vettel,27,91425,91562.3333333333
2016,Monaco Grand Prix,vettel,28,91176,91279.0
2016,Monaco Grand Prix,vettel,29,91637,91412.6666666667
2016,Monaco Grand Prix,vettel,30,91551,91454.6666666667
2016,Monaco Grand Prix,vettel,31,108061,97083.0
2016,Monaco Grand Prix,vettel,32,94899,98170.3333333333
2016,Monaco Grand Prix,vettel,33,87085,96681.6666666667
2016,Monaco Grand Prix,vettel,34,85164,89049.3333333333
2016,Monaco Grand Prix,vettel,35,98590,90279.6666666667
2016,Monaco Grand Prix,vettel,36,114700,99484.6666666667
2016,Monaco Grand Prix,vettel,37,91502,101597.333333333
2016,Monaco Grand Prix,vettel,38,85556,97252.6666666667
2016,Monaco Grand Prix,vettel,39,83410,86822.6666666667
2016,Monaco Grand Prix,vettel,40,81726,83564.0
2016,Monaco Grand Prix,vettel,41,81454,82196.6666666667
2016,Monaco Grand Prix,vettel,42,81424,81534.6666666667
2016,Monaco Grand Prix,vettel,43,81084,81320.6666666667
2016,Monaco Grand Prix,vettel,44,81594,81367.3333333333
2016,Monaco Grand Prix,vettel,45,80381,81019.6666666667
2016,Monaco Grand Prix,vettel,46,80162,80712.3333333333
2016,Monaco Grand Prix,vettel,47,80202,80248.3333333333
2016,Monaco Grand Prix,vettel,48,79619,79994.3333333333
2016,Monaco Grand Prix,vettel,49,79327,79716.0
2016,Monaco Grand Prix,vettel,50,90585,83177.0
2016,Monaco Grand Prix,vettel,51,92994,87635.3333333333
2016,Monaco Grand Prix,vettel,52,80251,87943.3333333333
2016,Monaco Grand Prix,vettel,53,78997,84080.6666666667
2016,Monaco Grand Prix,vettel,54,79741,79663.0
2016,Monaco Grand Prix,vettel,55,78670,79136.0
2016,Monaco Grand Prix,vettel,56,78682,79031.0
2016,Monaco Grand Prix,vettel,57,78987,78779.6666666667
2016,Monaco Grand Prix,vettel,58,78788,78819.0
2016,Monaco Grand Prix,vettel,59,81484,79753.0
2016,Monaco Grand Prix,vettel,60,78423,79565.0
2016,Monaco Grand Prix,vettel,61,78385,79430.6666666667
2016,Monaco Grand Prix,vettel,62,78005,78271.0
2016,Monaco Grand Prix,vettel,63,78746,78378.6666666667
2016,Monaco Grand Prix,vettel,64,78341,78364.0
2016,Monaco Grand Prix,vettel,65,81138,79408.3333333333
2016,Monaco Grand Prix,vettel,66,78394,79291.0
2016,Monaco Grand Prix,vettel,67,78218,79250.0
2016,Monaco Grand Prix,vettel,68,91322,82644.6666666667
2016,Monaco Grand Prix,vettel,69,81350,83630.0
2016,Monaco Grand Prix,vettel,70,78610,83760.6666666667
2016,Monaco Grand Prix,vettel,71,78469,79476.3333333333
2016,Monaco Grand Prix,vettel,72,78792,78623.6666666667
2016,Monaco Grand Prix,vettel,73,78996,78752.3333333333
2016,Monaco Grand Prix,vettel,74,78712,78833.3333333333
2016,Monaco Grand Prix,vettel,75,79243,78983.6666666667
2016,Monaco Grand Prix,vettel,76,79248,79067.6666666667
2016,Monaco Grand Prix,vettel,77,79938,79476.3333333333
2016,Monaco Grand Prix,vettel,78,82132,80439.3333333333
2016,Monaco Grand Prix,wehrlein,1,191506,191506.0
2016,Monaco Grand Prix,wehrlein,2,113665,152585.5
2016,Monaco Grand Prix,wehrlein,3,127129,144100.0
2016,Monaco Grand Prix,wehrlein,4,127380,122724.666666667
2016,Monaco Grand Prix,wehrlein,5,128304,127604.333333333
2016,Monaco Grand Prix,wehrlein,6,129210,128298.0
2016,Monaco Grand Prix,wehrlein,7,123406,126973.333333333
2016,Monaco Grand Prix,wehrlein,8,119992,124202.666666667
2016,Monaco Grand Prix,wehrlein,9,113638,119012.0
2016,Monaco Grand Prix,wehrlein,10,107954,113861.333333333
2016,Monaco Grand Prix,wehrlein,11,104840,108810.666666667
2016,Monaco Grand Prix,wehrlein,12,102314,105036.0
2016,Monaco Grand Prix,wehrlein,13,100985,102713.0
2016,Monaco Grand Prix,wehrlein,14,100387,101228.666666667
2016,Monaco Grand Prix,wehrlein,15,99564,100312.0
2016,Monaco Grand Prix,wehrlein,16,99091,99680.6666666667
2016,Monaco Grand Prix,wehrlein,17,101865,100173.333333333
2016,Monaco Grand Prix,wehrlein,18,99039,99998.3333333333
2016,Monaco Grand Prix,wehrlein,19,101146,100683.333333333
2016,Monaco Grand Prix,wehrlein,20,98658,99614.3333333333
2016,Monaco Grand Prix,wehrlein,21,98951,99585.0
2016,Monaco Grand Prix,wehrlein,22,97898,98502.3333333333
2016,Monaco Grand Prix,wehrlein,23,97509,98119.3333333333
2016,Monaco Grand Prix,wehrlein,24,96253,97220.0
2016,Monaco Grand Prix,wehrlein,25,96731,96831.0
2016,Monaco Grand Prix,wehrlein,26,94744,95909.3333333333
2016,Monaco Grand Prix,wehrlein,27,94803,95426.0
2016,Monaco Grand Prix,wehrlein,28,94015,94520.6666666667
2016,Monaco Grand Prix,wehrlein,29,93903,94240.3333333333
2016,Monaco Grand Prix,wehrlein,30,93794,93904.0
2016,Monaco Grand Prix,wehrlein,31,111705,99800.6666666667
2016,Monaco Grand Prix,wehrlein,32,101233,102244.0
2016,Monaco Grand Prix,wehrlein,33,92483,101807.0
2016,Monaco Grand Prix,wehrlein,34,100641,98119.0
2016,Monaco Grand Prix,wehrlein,35,115328,102817.333333333
2016,Monaco Grand Prix,wehrlein,36,96339,104102.666666667
2016,Monaco Grand Prix,wehrlein,37,89911,100526.0
2016,Monaco Grand Prix,wehrlein,38,88804,91684.6666666667
2016,Monaco Grand Prix,wehrlein,39,86146,88287.0
2016,Monaco Grand Prix,wehrlein,40,85242,86730.6666666667
2016,Monaco Grand Prix,wehrlein,41,85632,85673.3333333333
2016,Monaco Grand Prix,wehrlein,42,91131,87335.0
2016,Monaco Grand Prix,wehrlein,43,86536,87766.3333333333
2016,Monaco Grand Prix,wehrlein,44,84321,87329.3333333333
2016,Monaco Grand Prix,wehrlein,45,83610,84822.3333333333
2016,Monaco Grand Prix,wehrlein,46,82771,83567.3333333333
2016,Monaco Grand Prix,wehrlein,47,82776,83052.3333333333
2016,Monaco Grand Prix,wehrlein,48,82939,82828.6666666667
2016,Monaco Grand Prix,wehrlein,49,103568,89761.0
2016,Monaco Grand Prix,wehrlein,50,85252,90586.3333333333
2016,Monaco Grand Prix,wehrlein,51,83575,90798.3333333333
2016,Monaco Grand Prix,wehrlein,52,84412,84413.0
2016,Monaco Grand Prix,wehrlein,53,82215,83400.6666666667
2016,Monaco Grand Prix,wehrlein,54,84217,83614.6666666667
2016,Monaco Grand Prix,wehrlein,55,82818,83083.3333333333
2016,Monaco Grand Prix,wehrlein,56,82204,83079.6666666667
2016,Monaco Grand Prix,wehrlein,57,84778,83266.6666666667
2016,Monaco Grand Prix,wehrlein,58,81597,82859.6666666667
2016,Monaco Grand Prix,wehrlein,59,80824,82399.6666666667
2016,Monaco Grand Prix,wehrlein,60,80372,80931.0
2016,Monaco Grand Prix,wehrlein,61,80895,80697.0
2016,Monaco Grand Prix,wehrlein,62,80633,80633.3333333333
2016,Monaco Grand Prix,wehrlein,63,80687,80738.3333333333
2016,Monaco Grand Prix,wehrlein,64,80783,80701.0
2016,Monaco Grand Prix,wehrlein,65,80507,80659.0
2016,Monaco Grand Prix,wehrlein,66,94805,85365.0
2016,Monaco Grand Prix,wehrlein,67,81373,85561.6666666667
2016,Monaco Grand Prix,wehrlein,68,80684,85620.6666666667
2016,Monaco Grand Prix,wehrlein,69,81305,81120.6666666667
2016,Monaco Grand Prix,wehrlein,70,80779,80922.6666666667
2016,Monaco Grand Prix,wehrlein,71,80553,80879.0
2016,Monaco Grand Prix,wehrlein,72,80691,80674.3333333333
2016,Monaco Grand Prix,wehrlein,73,81058,80767.3333333333
2016,Monaco Grand Prix,wehrlein,74,82030,81259.6666666667
2016,Monaco Grand Prix,wehrlein,75,86615,83234.3333333333
2016,Monaco Grand Prix,wehrlein,76,99352,89332.3333333333
